Licenses,Regex
0BSD," ""licen[cs]e(id|[- ]identifier| name)?[: ](0BSD|(.{1,32} (AND|OR)){1,4} 0BSD)"""
Abstyles," ""licen[cs]e(id|[- ]identifier| name)?[: ](Abstyles|(.{1,32} (AND|OR)){1,4} Abstyles)"""
Adobe_Glyph," ""licen[cs]e(id|[- ]identifier| name)?[: ](Adobe-Glyph|(.{1,32} (AND|OR)){1,4} Adobe-Glyph)"""
Adobe_2006," ""licen[cs]e(id|[- ]identifier| name)?[: ](Adobe-2006|(.{1,32} (AND|OR)){1,4} Adobe-2006)"""
ADSL," ""licen[cs]e(id|[- ]identifier| name)?[: ](\<ADSL\>|(.{1,32} (AND|OR)){1,4} \<ADSL\>)"""
AFL_11," ""licen[cs]e(id|[- ]identifier| name)?[: ](AFL[- ]1\.?1|(.{1,32} (AND|OR)){1,4} AFL[- ]1\.?1)"""
AFL_12," ""licen[cs]e(id|[- ]identifier| name)?[: ](AFL[- ]1\.?2|(.{1,32} (AND|OR)){1,4} AFL[- ]1\.?2)"""
AFL_20," ""licen[cs]e(id|[- ]identifier| name)?[: ](AFL[- ]2\.?0|(.{1,32} (AND|OR)){1,4} AFL[- ]2\.?0)"""
AFL_21," ""licen[cs]e(id|[- ]identifier| name)?[: ](AFL[- ]2\.?1|(.{1,32} (AND|OR)){1,4} AFL[- ]2\.?1)"""
AFL_30," ""licen[cs]e(id|[- ]identifier| name)?[: ](AFL[- ]3\.?0|(.{1,32} (AND|OR)){1,4} AFL[- ]3\.?0)"""
Afmparse," ""licen[cs]e(id|[- ]identifier| name)?[: ](Afmparse|(.{1,32} (AND|OR)){1,4} Afmparse)"""
AGPL_10," ""licen[cs]e(id|[- ]identifier| name)?[: ](AGPL[- ]1\.?0(-only)?|(.{1,32} (AND|OR)){1,4} AGPL[- ]1\.?0(-only)?)"""
AGPL_10_or_later," ""licen[cs]e(id|[- ]identifier| name)?[: ](AGPL[- v]1(\.?0)?.or.later|(.{1,32} (AND|OR)){1,4} AGPL[- v]1(\.?0)?.or.later)"""
AGPL_10plus," ""licen[cs]e(id|[- ]identifier)?[\[\""\(:[:space:]]+(AGPL[- v]1\.?0\+|(.{1,32} (AND|OR)){1,4} AGPL[- v]1\.?0\+)"""
AGPL_30," ""licen[cs]e(id|[- ]identifier| name)?[: ](AGPL[- v]3(-only)?|(.{1,32} (AND|OR)){1,4} AGPL[- v]3(-only)?)"""
AGPL_30_or_later," ""licen[cs]e(id|[- ]identifier| name)?[: ](AGPL[- v]3(\.?0)?.or.later|(.{1,32} (AND|OR)){1,4} AGPL[- v]3(\.?0)?.or.later)"""
AGPL_30plus," ""licen[cs]e(id|[- ]identifier)?[\[\""\(:[:space:]]+(AGPL[- v]3\.?0\+|(.{1,32} (AND|OR)){1,4} AGPL[- v]3\.?0\+)"""
Aladdin," ""licen[cs]e(id|[- ]identifier| name)?[: ](Aladdin|(.{1,32} (AND|OR)){1,4} Aladdin)"""
AMDPLPA," ""licen[cs]e(id|[- ]identifier| name)?[: ](AMDPLPA|(.{1,32} (AND|OR)){1,4} AMDPLPA)"""
AML," ""licen[cs]e(id|[- ]identifier| name)?[: ](\<AML\>|(.{1,32} (AND|OR)){1,4} \<AML\>)"""
AMPAS," ""licen[cs]e(id|[- ]identifier| name)?[: ](AMPAS|(.{1,32} (AND|OR)){1,4} AMPAS)"""
ANTLR_PD," ""licen[cs]e(id|[- ]identifier| name)?[: ](ANTLR-PD|(.{1,32} (AND|OR)){1,4} ANTLR-PD)"""
Apache," ""licen[cs]e(id|[- ]identifier| name)?[: ](Apache\>|(.{1,32} (AND|OR)){1,4} Apache\>)"""
Apache_10," ""licen[cs]e(id|[- ]identifier| name)?[: ](Apache[- ]1\.?0|(.{1,32} (AND|OR)){1,4} Apache[- ]1\.?0)"""
Apache_11," ""licen[cs]e(id|[- ]identifier| name)?[: ](Apache[- ]1\.?1|(.{1,32} (AND|OR)){1,4} Apache[- ]1\.?1)"""
Apache_20," ""licen[cs]e(id|[- ]identifier| name)?[: ](Apache[- ]2\.?0?|(.{1,32} (AND|OR)){1,4} Apache[- ]2\.?0?)"""
APAFML," ""licen[cs]e(id|[- ]identifier| name)?[: ](APAFML|(.{1,32} (AND|OR)){1,4} APAFML)"""
APL_10," ""licen[cs]e(id|[- ]identifier| name)?[: ](APL[- ]1\.?0|(.{1,32} (AND|OR)){1,4} APL[- ]1\.?0)"""
APSL_10," ""licen[cs]e(id|[- ]identifier| name)?[: ](APSL[- ]1\.?0|(.{1,32} (AND|OR)){1,4} APSL[- ]1\.?0)"""
APSL_11," ""licen[cs]e(id|[- ]identifier| name)?[: ](APSL[- ]1\.?1|(.{1,32} (AND|OR)){1,4} APSL[- ]1\.?1)"""
APSL_12," ""licen[cs]e(id|[- ]identifier| name)?[: ](APSL[- ]1\.?2|(.{1,32} (AND|OR)){1,4} APSL[- ]1\.?2)"""
APSL_20," ""licen[cs]e(id|[- ]identifier| name)?[: ](APSL[- ]2\.?0|(.{1,32} (AND|OR)){1,4} APSL[- ]2\.?0)"""
Artistic_10," ""licen[cs]e(id|[- ]identifier| name)?[: ](Artistic[- ]1\.?0|(.{1,32} (AND|OR)){1,4} Artistic[- ]1\.?0)"""
Artistic_10_Perl," ""licen[cs]e(id|[- ]identifier| name)?[: ](Artistic[- ]1\.?0-Perl|(.{1,32} (AND|OR)){1,4} Artistic[- ]1\.?0-Perl)"""
Artistic_10_cl8," ""licen[cs]e(id|[- ]identifier| name)?[: ](Artistic[- ]1\.?0-cl8|(.{1,32} (AND|OR)){1,4} Artistic[- ]1\.?0-cl8)"""
Artistic_20," ""licen[cs]e(id|[- ]identifier| name)?[: ](Artistic[- ]2\.?0|(.{1,32} (AND|OR)){1,4} Artistic[- ]2\.?0)"""
AAL," ""licen[cs]e(id|[- ]identifier| name)?[: ](\<AAL\>|(.{1,32} (AND|OR)){1,4} \<AAL\>)"""
Bahyph," ""licen[cs]e(id|[- ]identifier| name)?[: ](Bahyph|(.{1,32} (AND|OR)){1,4} Bahyph)"""
Barr," ""licen[cs]e(id|[- ]identifier| name)?[: ](Barr|(.{1,32} (AND|OR)){1,4} Barr)"""
Beerware," ""licen[cs]e(id|[- ]identifier| name)?[: ](Beerware|(.{1,32} (AND|OR)){1,4} Beerware)"""
BitTorrent_10," ""licen[cs]e(id|[- ]identifier| name)?[: ](BitTorrent[- ]1\.?0|(.{1,32} (AND|OR)){1,4} BitTorrent[- ]1\.?0)"""
BitTorrent_11," ""licen[cs]e(id|[- ]identifier| name)?[: ](BitTorrent[- ]1\.?1|(.{1,32} (AND|OR)){1,4} BitTorrent[- ]1\.?1)"""
blessing," ""licen[cs]e(id|[- ]identifier| name)?[: ](blessing|(.{1,32} (AND|OR)){1,4} blessing)"""
BlueOak_100," ""licen[cs]e(id|[- ]identifier| name)?[: ](BlueOak[- ]1\.?0\.?0|(.{1,32} (AND|OR)){1,4} BlueOak[- ]1\.?0\.?0)"""
BSL_10," ""licen[cs]e(id|[- ]identifier| name)?[: ](BSL[- ]1\.?0|(.{1,32} (AND|OR)){1,4} BSL[- ]1\.?0)"""
Borceux," ""licen[cs]e(id|[- ]identifier| name)?[: ](Borceux|(.{1,32} (AND|OR)){1,4} Borceux)"""
BSD_1_Clause," ""licen[cs]e(id|[- ]identifier| name)?[: ](BSD-1-Clause|(.{1,32} (AND|OR)){1,4} BSD-1-Clause)"""
BSD_2_Clause_1," ""licen[cs]e(id|[- ]identifier| name)?[: ](BSD-2-Clause|(.{1,32} (AND|OR)){1,4} BSD-2-Clause)"""
BSD_2_Clause_2," ""licen[cs]e(id|[- ]identifier| name)?[: ](2-Clause.BSD|(.{1,32} (AND|OR)){1,4} 2-Clause.BSD)"""
BSD_2_Clause_FreeBSD," ""licen[cs]e(id|[- ]identifier| name)?[: ](BSD-2-Clause-FreeBSD|(.{1,32} (AND|OR)){1,4} BSD-2-Clause-FreeBSD)"""
BSD_2_Clause_NetBSD," ""licen[cs]e(id|[- ]identifier| name)?[: ](BSD-2-Clause-NetBSD|(.{1,32} (AND|OR)){1,4} BSD-2-Clause-NetBSD)"""
BSD_2_Clause_Patent," ""licen[cs]e(id|[- ]identifier| name)?[: ](BSD-2-Clause-Patent|(.{1,32} (AND|OR)){1,4} BSD-2-Clause-Patent)"""
BSD_2_Clause_Views," ""licen[cs]e(id|[- ]identifier| name)?[: ](BSD-2-Clause-Views|(.{1,32} (AND|OR)){1,4} BSD-2-Clause-Views)"""
BSD_3_Clause," ""licen[cs]e(id|[- ]identifier| name)?[: ](BSD-3-Clause|(.{1,32} (AND|OR)){1,4} BSD-3-Clause)"""
BSD_3_Clause_Clear," ""licen[cs]e(id|[- ]identifier| name)?[: ](BSD-3-Clause-Clear|(.{1,32} (AND|OR)){1,4} BSD-3-Clause-Clear)"""
BSD_3_Clause_No_Nuclear_License," ""licen[cs]e(id|[- ]identifier| name)?[: ](BSD-3-Clause-No-Nuclear-License|(.{1,32} (AND|OR)){1,4} BSD-3-Clause-No-Nuclear-License)"""
BSD_3_Clause_No_Nuclear_License_2014," ""licen[cs]e(id|[- ]identifier| name)?[: ](BSD-3-Clause-No-Nuclear-License-2014|(.{1,32} (AND|OR)){1,4} BSD-3-Clause-No-Nuclear-License-2014)"""
BSD_3_Clause_No_Nuclear_Warranty," ""licen[cs]e(id|[- ]identifier| name)?[: ](BSD-3-Clause-No-Nuclear-Warranty|(.{1,32} (AND|OR)){1,4} BSD-3-Clause-No-Nuclear-Warranty)"""
BSD_3_Clause_Open_MPI," ""licen[cs]e(id|[- ]identifier| name)?[: ](BSD-3-Clause-Open-MPI|(.{1,32} (AND|OR)){1,4} BSD-3-Clause-Open-MPI)"""
BSD_4_Clause," ""licen[cs]e(id|[- ]identifier| name)?[: ](BSD-4-Clause|(.{1,32} (AND|OR)){1,4} BSD-4-Clause)"""
BSD_Protection," ""licen[cs]e(id|[- ]identifier| name)?[: ](BSD-Protection|(.{1,32} (AND|OR)){1,4} BSD-Protection)"""
BSD_Source_Code," ""licen[cs]e(id|[- ]identifier| name)?[: ](BSD-Source-Code|(.{1,32} (AND|OR)){1,4} BSD-Source-Code)"""
BSD_3_Clause_Attribution," ""licen[cs]e(id|[- ]identifier| name)?[: ](BSD-3-Clause-Attribution|(.{1,32} (AND|OR)){1,4} BSD-3-Clause-Attribution)"""
BSD_4_Clause_UC," ""licen[cs]e(id|[- ]identifier| name)?[: ](BSD-4-Clause-UC|(.{1,32} (AND|OR)){1,4} BSD-4-Clause-UC)"""
bzip2_105," ""licen[cs]e(id|[- ]identifier| name)?[: ](bzip2[- ]1\.?0\.?5|(.{1,32} (AND|OR)){1,4} bzip2[- ]1\.?0\.?5)"""
bzip2_106," ""licen[cs]e(id|[- ]identifier| name)?[: ](bzip2[- ]1\.?0\.?6|(.{1,32} (AND|OR)){1,4} bzip2[- ]1\.?0\.?6)"""
CAL_10_Combined_Work_Exception," ""licen[cs]e(id|[- ]identifier| name)?[: ](CAL-1\.?0-Combined-Work-Exception|(.{1,32} (AND|OR)){1,4} CAL-1\.?0-Combined-Work-Exception)"""
CAL_10," ""licen[cs]e(id|[- ]identifier| name)?[: ](CAL-1\.?0|(.{1,32} (AND|OR)){1,4} CAL-1\.?0)"""
Caldera," ""licen[cs]e(id|[- ]identifier| name)?[: ](Caldera|(.{1,32} (AND|OR)){1,4} Caldera)"""
CATOSL_11," ""licen[cs]e(id|[- ]identifier| name)?[: ](CATOSL[- ]1\.?1|(.{1,32} (AND|OR)){1,4} CATOSL[- ]1\.?1)"""
CC0_10," ""licen[cs]e(id|[- ]identifier| name)?[: ](CC0-1\.?0|(.{1,32} (AND|OR)){1,4} CC0-1\.?0)"""
CC_BY_10," ""licen[cs]e(id|[- ]identifier| name)?[: ](CC-BY-1\.?0|(.{1,32} (AND|OR)){1,4} CC-BY-1\.?0)"""
CC_BY_20," ""licen[cs]e(id|[- ]identifier| name)?[: ](CC-BY-2\.?0|(.{1,32} (AND|OR)){1,4} CC-BY-2\.?0)"""
CC_BY_25," ""licen[cs]e(id|[- ]identifier| name)?[: ](CC-BY-2\.?5|(.{1,32} (AND|OR)){1,4} CC-BY-2\.?5)"""
CC_BY_30," ""licen[cs]e(id|[- ]identifier| name)?[: ](CC-BY-3\.?0|(.{1,32} (AND|OR)){1,4} CC-BY-3\.?0)"""
CC_BY_30_AT," ""licen[cs]e(id|[- ]identifier| name)?[: ](CC-BY-3\.?0-AT|(.{1,32} (AND|OR)){1,4} CC-BY-3\.?0-AT)"""
CC_BY_40," ""licen[cs]e(id|[- ]identifier| name)?[: ](CC-BY-4\.?0|(.{1,32} (AND|OR)){1,4} CC-BY-4\.?0)"""
CC_BY_ND_10," ""licen[cs]e(id|[- ]identifier| name)?[: ](CC-BY-ND-1\.?0|(.{1,32} (AND|OR)){1,4} CC-BY-ND-1\.?0)"""
CC_BY_ND_20," ""licen[cs]e(id|[- ]identifier| name)?[: ](CC-BY-ND-2\.?0|(.{1,32} (AND|OR)){1,4} CC-BY-ND-2\.?0)"""
CC_BY_ND_25," ""licen[cs]e(id|[- ]identifier| name)?[: ](CC-BY-ND-2\.?5|(.{1,32} (AND|OR)){1,4} CC-BY-ND-2\.?5)"""
CC_BY_ND_30," ""licen[cs]e(id|[- ]identifier| name)?[: ](CC-BY-ND-3\.?0|(.{1,32} (AND|OR)){1,4} CC-BY-ND-3\.?0)"""
CC_BY_ND_40," ""licen[cs]e(id|[- ]identifier| name)?[: ](CC-BY-ND-4\.?0|(.{1,32} (AND|OR)){1,4} CC-BY-ND-4\.?0)"""
CC_BY_NC_10," ""licen[cs]e(id|[- ]identifier| name)?[: ](CC-BY-NC-1\.?0|(.{1,32} (AND|OR)){1,4} CC-BY-NC-1\.?0)"""
CC_BY_NC_20," ""licen[cs]e(id|[- ]identifier| name)?[: ](CC-BY-NC-2\.?0|(.{1,32} (AND|OR)){1,4} CC-BY-NC-2\.?0)"""
CC_BY_NC_25," ""licen[cs]e(id|[- ]identifier| name)?[: ](CC-BY-NC-2\.?5|(.{1,32} (AND|OR)){1,4} CC-BY-NC-2\.?5)"""
CC_BY_NC_30," ""licen[cs]e(id|[- ]identifier| name)?[: ](CC-BY-NC-3\.?0|(.{1,32} (AND|OR)){1,4} CC-BY-NC-3\.?0)"""
CC_BY_NC_40," ""licen[cs]e(id|[- ]identifier| name)?[: ](CC-BY-NC-4\.?0|(.{1,32} (AND|OR)){1,4} CC-BY-NC-4\.?0)"""
CC_BY_NC_ND_10," ""licen[cs]e(id|[- ]identifier| name)?[: ](CC-BY-NC-ND-1\.?0|(.{1,32} (AND|OR)){1,4} CC-BY-NC-ND-1\.?0)"""
CC_BY_NC_ND_20," ""licen[cs]e(id|[- ]identifier| name)?[: ](CC-BY-NC-ND-2\.?0|(.{1,32} (AND|OR)){1,4} CC-BY-NC-ND-2\.?0)"""
CC_BY_NC_ND_25," ""licen[cs]e(id|[- ]identifier| name)?[: ](CC-BY-NC-ND-2\.?5|(.{1,32} (AND|OR)){1,4} CC-BY-NC-ND-2\.?5)"""
CC_BY_NC_ND_30," ""licen[cs]e(id|[- ]identifier| name)?[: ](CC-BY-NC-ND-3\.?0|(.{1,32} (AND|OR)){1,4} CC-BY-NC-ND-3\.?0)"""
CC_BY_NC_ND_30_IGO," ""licen[cs]e(id|[- ]identifier| name)?[: ](CC-BY-NC-ND-3\.?0-IGO|(.{1,32} (AND|OR)){1,4} CC-BY-NC-ND-3\.?0-IGO)"""
CC_BY_NC_ND_40," ""licen[cs]e(id|[- ]identifier| name)?[: ](CC-BY-NC-ND-4\.?0|(.{1,32} (AND|OR)){1,4} CC-BY-NC-ND-4\.?0)"""
CC_BY_NC_SA_10," ""licen[cs]e(id|[- ]identifier| name)?[: ](CC-BY-NC-SA-1\.?0|(.{1,32} (AND|OR)){1,4} CC-BY-NC-SA-1\.?0)"""
CC_BY_NC_SA_20," ""licen[cs]e(id|[- ]identifier| name)?[: ](CC-BY-NC-SA-2\.?0|(.{1,32} (AND|OR)){1,4} CC-BY-NC-SA-2\.?0)"""
CC_BY_NC_SA_25," ""licen[cs]e(id|[- ]identifier| name)?[: ](CC-BY-NC-SA-2\.?5|(.{1,32} (AND|OR)){1,4} CC-BY-NC-SA-2\.?5)"""
CC_BY_NC_SA_30," ""licen[cs]e(id|[- ]identifier| name)?[: ](CC-BY-NC-SA-3\.?0|(.{1,32} (AND|OR)){1,4} CC-BY-NC-SA-3\.?0)"""
CC_BY_NC_SA_40," ""licen[cs]e(id|[- ]identifier| name)?[: ](CC-BY-NC-SA-4\.?0|(.{1,32} (AND|OR)){1,4} CC-BY-NC-SA-4\.?0)"""
CC_BY_SA_10," ""licen[cs]e(id|[- ]identifier| name)?[: ](CC-BY-SA-1\.?0|(.{1,32} (AND|OR)){1,4} CC-BY-SA-1\.?0)"""
CC_BY_SA_20," ""licen[cs]e(id|[- ]identifier| name)?[: ](CC-BY-SA-2\.?0|(.{1,32} (AND|OR)){1,4} CC-BY-SA-2\.?0)"""
CC_BY_SA_25," ""licen[cs]e(id|[- ]identifier| name)?[: ](CC-BY-SA-2\.?5|(.{1,32} (AND|OR)){1,4} CC-BY-SA-2\.?5)"""
CC_BY_SA_30," ""licen[cs]e(id|[- ]identifier| name)?[: ](CC-BY-SA-3\.?0|(.{1,32} (AND|OR)){1,4} CC-BY-SA-3\.?0)"""
CC_BY_SA_30_AT," ""licen[cs]e(id|[- ]identifier| name)?[: ](CC-BY-SA-3\.?0-AT|(.{1,32} (AND|OR)){1,4} CC-BY-SA-3\.?0-AT)"""
CC_BY_SA_40," ""licen[cs]e(id|[- ]identifier| name)?[: ](CC-BY-SA-4\.?0|(.{1,32} (AND|OR)){1,4} CC-BY-SA-4\.?0)"""
CC_PDDC," ""licen[cs]e(id|[- ]identifier| name)?[: ](CC-PDDC|(.{1,32} (AND|OR)){1,4} CC-PDDC)"""
CDDL_10," ""licen[cs]e(id|[- ]identifier| name)?[: ](CDDL[- ]1\.?0|(.{1,32} (AND|OR)){1,4} CDDL[- ]1\.?0)"""
CDDL_11," ""licen[cs]e(id|[- ]identifier| name)?[: ](CDDL[- ]1\.?1|(.{1,32} (AND|OR)){1,4} CDDL[- ]1\.?1)"""
CDLA_Permissive_10," ""licen[cs]e(id|[- ]identifier| name)?[: ](CDLA-Permissive-1\.?0|(.{1,32} (AND|OR)){1,4} CDLA-Permissive-1\.?0)"""
CDLA_Sharing_10," ""licen[cs]e(id|[- ]identifier| name)?[: ](CDLA-Sharing-1\.?0|(.{1,32} (AND|OR)){1,4} CDLA-Sharing-1\.?0)"""
CECILL_10," ""licen[cs]e(id|[- ]identifier| name)?[: ](CECILL-1\.?0|(.{1,32} (AND|OR)){1,4} CECILL-1\.?0)"""
CECILL_11," ""licen[cs]e(id|[- ]identifier| name)?[: ](CECILL-1\.?1|(.{1,32} (AND|OR)){1,4} CECILL-1\.?1)"""
CECILL_20," ""licen[cs]e(id|[- ]identifier| name)?[: ](CECILL[- ]2\.?0|(.{1,32} (AND|OR)){1,4} CECILL[- ]2\.?0)"""
CECILL_21," ""licen[cs]e(id|[- ]identifier| name)?[: ](CECILL[- ]2\.?1|(.{1,32} (AND|OR)){1,4} CECILL[- ]2\.?1)"""
CECILL_B," ""licen[cs]e(id|[- ]identifier| name)?[: ](CECILL-B|(.{1,32} (AND|OR)){1,4} CECILL-B)"""
CECILL_C," ""licen[cs]e(id|[- ]identifier| name)?[: ](CECILL-C|(.{1,32} (AND|OR)){1,4} CECILL-C)"""
CERN_OHL_11," ""licen[cs]e(id|[- ]identifier| name)?[: ](CERN-OHL[- ]1\.?1|(.{1,32} (AND|OR)){1,4} CERN-OHL[- ]1\.?1)"""
CERN_OHL_12," ""licen[cs]e(id|[- ]identifier| name)?[: ](CERN-OHL[- ]1\.?2|(.{1,32} (AND|OR)){1,4} CERN-OHL[- ]1\.?2)"""
CERN_OHL_P_20," ""licen[cs]e(id|[- ]identifier| name)?[: ](CERN-OHL-P[- ]2\.?0|(.{1,32} (AND|OR)){1,4} CERN-OHL-P[- ]2\.?0)"""
CERN_OHL_S_20," ""licen[cs]e(id|[- ]identifier| name)?[: ](CERN-OHL-S[- ]2\.?0|(.{1,32} (AND|OR)){1,4} CERN-OHL-S[- ]2\.?0)"""
CERN_OHL_W_20," ""licen[cs]e(id|[- ]identifier| name)?[: ](CERN-OHL-W[- ]2\.?0|(.{1,32} (AND|OR)){1,4} CERN-OHL-W[- ]2\.?0)"""
ClArtistic," ""licen[cs]e(id|[- ]identifier| name)?[: ](ClArtistic|(.{1,32} (AND|OR)){1,4} ClArtistic)"""
MIT_CMU," ""licen[cs]e(id|[- ]identifier| name)?[: ](MIT-CMU|(.{1,32} (AND|OR)){1,4} MIT-CMU)"""
CNRI_Jython," ""licen[cs]e(id|[- ]identifier| name)?[: ](CNRI-Jython|(.{1,32} (AND|OR)){1,4} CNRI-Jython)"""
CNRI_Python," ""licen[cs]e(id|[- ]identifier| name)?[: ](CNRI-Python|(.{1,32} (AND|OR)){1,4} CNRI-Python)"""
CNRI_Python_GPL_Compatible," ""licen[cs]e(id|[- ]identifier| name)?[: ](CNRI-Python-GPL-Compatible|(.{1,32} (AND|OR)){1,4} CNRI-Python-GPL-Compatible)"""
Condor_11," ""licen[cs]e(id|[- ]identifier| name)?[: ](Condor[- ]1\.?1|(.{1,32} (AND|OR)){1,4} Condor[- ]1\.?1)"""
copyleft_next_030," ""licen[cs]e(id|[- ]identifier| name)?[: ](copyleft-next-0\.?3\.?0|(.{1,32} (AND|OR)){1,4} copyleft-next-0\.?3\.?0)"""
copyleft_next_031," ""licen[cs]e(id|[- ]identifier| name)?[: ](copyleft-next-0\.?3\.?1|(.{1,32} (AND|OR)){1,4} copyleft-next-0\.?3\.?1)"""
CPAL_10," ""licen[cs]e(id|[- ]identifier| name)?[: ](CPAL[- ]1\.?0|(.{1,32} (AND|OR)){1,4} CPAL[- ]1\.?0)"""
CPL_10," ""licen[cs]e(id|[- ]identifier| name)?[: ](CPL[- ]1\.?0|(.{1,32} (AND|OR)){1,4} CPL[- ]1\.?0)"""
CPOL_102," ""licen[cs]e(id|[- ]identifier| name)?[: ](CPOL[- ]1\.?02|(.{1,32} (AND|OR)){1,4} CPOL[- ]1\.?02)"""
Crossword," ""licen[cs]e(id|[- ]identifier| name)?[: ](Crossword|(.{1,32} (AND|OR)){1,4} Crossword)"""
CrystalStacker," ""licen[cs]e(id|[- ]identifier| name)?[: ](CrystalStacker|(.{1,32} (AND|OR)){1,4} CrystalStacker)"""
CUA_OPL_10," ""licen[cs]e(id|[- ]identifier| name)?[: ](CUA-OPL-1\.?0|(.{1,32} (AND|OR)){1,4} CUA-OPL-1\.?0)"""
Cube," ""licen[cs]e(id|[- ]identifier| name)?[: ](\<Cube\>|(.{1,32} (AND|OR)){1,4} \<Cube\>)"""
curl," ""licen[cs]e(id|[- ]identifier| name)?[: ](\<curl\>|(.{1,32} (AND|OR)){1,4} \<curl\>)"""
D_FSL_10," ""licen[cs]e(id|[- ]identifier| name)?[: ](D-FSL-1\.?0|(.{1,32} (AND|OR)){1,4} D-FSL-1\.?0)"""
diffmark," ""licen[cs]e(id|[- ]identifier| name)?[: ](diffmark|(.{1,32} (AND|OR)){1,4} diffmark)"""
DOC," ""licen[cs]e(id|[- ]identifier)?[\[\""\(:[:space:]]+(DOC\>|(.{1,32} (AND|OR)){1,4} DOC\>)"""
Dotseqn," ""licen[cs]e(id|[- ]identifier| name)?[: ](Dotseqn|(.{1,32} (AND|OR)){1,4} Dotseqn)"""
DSDP," ""licen[cs]e(id|[- ]identifier| name)?[: ](DSDP|(.{1,32} (AND|OR)){1,4} DSDP)"""
dvipdfm," ""licen[cs]e(id|[- ]identifier| name)?[: ](dvipdfm|(.{1,32} (AND|OR)){1,4} dvipdfm)"""
EPL_10," ""licen[cs]e(id|[- ]identifier| name)?[: ](EPL-1\.?0|(.{1,32} (AND|OR)){1,4} EPL-1\.?0)"""
EPL_20," ""licen[cs]e(id|[- ]identifier| name)?[: ](EPL-2\.?0|(.{1,32} (AND|OR)){1,4} EPL-2\.?0)"""
ECL_10," ""licen[cs]e(id|[- ]identifier| name)?[: ](ECL-1\.?0|(.{1,32} (AND|OR)){1,4} ECL-1\.?0)"""
ECL_20," ""licen[cs]e(id|[- ]identifier| name)?[: ](ECL-2\.?0|(.{1,32} (AND|OR)){1,4} ECL-2\.?0)"""
eGenix," ""licen[cs]e(id|[- ]identifier| name)?[: ](eGenix|(.{1,32} (AND|OR)){1,4} eGenix)"""
EFL_10," ""licen[cs]e(id|[- ]identifier| name)?[: ](EFL[- ]1\.?0|(.{1,32} (AND|OR)){1,4} EFL[- ]1\.?0)"""
EFL_20," ""licen[cs]e(id|[- ]identifier| name)?[: ](EFL[- ]2\.?0|(.{1,32} (AND|OR)){1,4} EFL[- ]2\.?0)"""
Glide," ""licen[cs]e(id|[- ]identifier| name)?[: ](Glide|(.{1,32} (AND|OR)){1,4} Glide)"""
Entessa," ""licen[cs]e(id|[- ]identifier| name)?[: ](Entessa|(.{1,32} (AND|OR)){1,4} Entessa)"""
EPICS," ""licen[cs]e(id|[- ]identifier| name)?[: ](EPICS|(.{1,32} (AND|OR)){1,4} EPICS)"""
ErlPL_11," ""licen[cs]e(id|[- ]identifier| name)?[: ](ErlPL[- ]1\.?1|(.{1,32} (AND|OR)){1,4} ErlPL[- ]1\.?1)"""
etalab_20," ""licen[cs]e(id|[- ]identifier| name)?[: ](etalab[- ]2\.?0|(.{1,32} (AND|OR)){1,4} etalab[- ]2\.?0)"""
EUDatagrid," ""licen[cs]e(id|[- ]identifier| name)?[: ](EUDatagrid|(.{1,32} (AND|OR)){1,4} EUDatagrid)"""
EUPL_10," ""licen[cs]e(id|[- ]identifier| name)?[: ](EUPL[- ]1\.?0|(.{1,32} (AND|OR)){1,4} EUPL[- ]1\.?0)"""
EUPL_11," ""licen[cs]e(id|[- ]identifier| name)?[: ](EUPL[- ]1\.?1|(.{1,32} (AND|OR)){1,4} EUPL[- ]1\.?1)"""
EUPL_12," ""licen[cs]e(id|[- ]identifier| name)?[: ](EUPL[- ]1\.?2|(.{1,32} (AND|OR)){1,4} EUPL[- ]1\.?2)"""
Eurosym," ""licen[cs]e(id|[- ]identifier| name)?[: ](Eurosym|(.{1,32} (AND|OR)){1,4} Eurosym)"""
Fair," ""licen[cs]e(id|[- ]identifier)?[\[\""\(:[:space:]]+(Fair[[:space:]|\""]|(.{1,32} (AND|OR)){1,4} Fair[[:space:]|\""])"""
Frameworx_10," ""licen[cs]e(id|[- ]identifier| name)?[: ](Frameworx[- ]1\.?0|(.{1,32} (AND|OR)){1,4} Frameworx[- ]1\.?0)"""
FreeImage," ""licen[cs]e(id|[- ]identifier| name)?[: ](FreeImage|(.{1,32} (AND|OR)){1,4} FreeImage)"""
FTL," ""licen[cs]e(id|[- ]identifier| name)?[: ](\<FTL\>|(.{1,32} (AND|OR)){1,4} \<FTL\>)"""
FSFAP," ""licen[cs]e(id|[- ]identifier| name)?[: ](FSFAP|(.{1,32} (AND|OR)){1,4} FSFAP)"""
FSFUL," ""licen[cs]e(id|[- ]identifier| name)?[: ](FSFUL|(.{1,32} (AND|OR)){1,4} FSFUL)"""
FSFULLR," ""licen[cs]e(id|[- ]identifier| name)?[: ](FSFULLR|(.{1,32} (AND|OR)){1,4} FSFULLR)"""
Giftware," ""licen[cs]e(id|[- ]identifier| name)?[: ](Giftware|(.{1,32} (AND|OR)){1,4} Giftware)"""
GFDL_11," ""licen[cs]e(id|[- ]identifier| name)?[: ](GFDL[- ]1\.?1|(.{1,32} (AND|OR)){1,4} GFDL[- ]1\.?1)"""
GFDL_11_or_later," ""licen[cs]e(id|[- ]identifier| name)?[: ](GFDL[- v]1\.?1.or.later|(.{1,32} (AND|OR)){1,4} GFDL[- v]1\.?1.or.later)"""
GFDL_11plus," ""licen[cs]e(id|[- ]identifier)?[\[\""\(:[:space:]]+(GFDL[- v]1\.?1\+|(.{1,32} (AND|OR)){1,4} GFDL[- v]1\.?1\+)"""
GFDL_11_invariants_only," ""licen[cs]e(id|[- ]identifier| name)?[: ](GFDL[- v]1\.?1-invariants-only|(.{1,32} (AND|OR)){1,4} GFDL[- v]1\.?1-invariants-only)"""
GFDL_11_invariants_or_later," ""licen[cs]e(id|[- ]identifier| name)?[: ](GFDL[- v]1\.?1-invariants.or.later|(.{1,32} (AND|OR)){1,4} GFDL[- v]1\.?1-invariants.or.later)"""
GFDL_11_no_invariants_only," ""licen[cs]e(id|[- ]identifier| name)?[: ](GFDL[- v]1\.?1-no-invariants-only|(.{1,32} (AND|OR)){1,4} GFDL[- v]1\.?1-no-invariants-only)"""
GFDL_11_no_invariants_or_later," ""licen[cs]e(id|[- ]identifier| name)?[: ](GFDL[- v]1\.?1-no-invariants.or.later|(.{1,32} (AND|OR)){1,4} GFDL[- v]1\.?1-no-invariants.or.later)"""
GFDL_12," ""licen[cs]e(id|[- ]identifier| name)?[: ](GFDL[- ]1\.?2|(.{1,32} (AND|OR)){1,4} GFDL[- ]1\.?2)"""
GFDL_12_or_later," ""licen[cs]e(id|[- ]identifier| name)?[: ](GFDL[- v]1\.?2.or.later|(.{1,32} (AND|OR)){1,4} GFDL[- v]1\.?2.or.later)"""
GFDL_12plus," ""licen[cs]e(id|[- ]identifier)?[\[\""\(:[:space:]]+(GFDL[- v]1\.?2\+|(.{1,32} (AND|OR)){1,4} GFDL[- v]1\.?2\+)"""
GFDL_12_invariants_only," ""licen[cs]e(id|[- ]identifier| name)?[: ](GFDL[- v]1\.?2-invariants-only|(.{1,32} (AND|OR)){1,4} GFDL[- v]1\.?2-invariants-only)"""
GFDL_12_invariants_or_later," ""licen[cs]e(id|[- ]identifier| name)?[: ](GFDL[- v]1\.?2-invariants.or.later|(.{1,32} (AND|OR)){1,4} GFDL[- v]1\.?2-invariants.or.later)"""
GFDL_12_no_invariants_only," ""licen[cs]e(id|[- ]identifier| name)?[: ](GFDL[- v]1\.?2-no-invariants-only|(.{1,32} (AND|OR)){1,4} GFDL[- v]1\.?2-no-invariants-only)"""
GFDL_12_no_invariants_or_later," ""licen[cs]e(id|[- ]identifier| name)?[: ](GFDL[- v]1\.?2-no-invariants.or.later|(.{1,32} (AND|OR)){1,4} GFDL[- v]1\.?2-no-invariants.or.later)"""
GFDL_13," ""licen[cs]e(id|[- ]identifier| name)?[: ](GFDL[- ]1\.?3|(.{1,32} (AND|OR)){1,4} GFDL[- ]1\.?3)"""
GFDL_13_or_later," ""licen[cs]e(id|[- ]identifier| name)?[: ](GFDL[- v]1\.?3.or.later|(.{1,32} (AND|OR)){1,4} GFDL[- v]1\.?3.or.later)"""
GFDL_13plus," ""licen[cs]e(id|[- ]identifier)?[\[\""\(:[:space:]]+(GFDL[- v]1\.?3\+|(.{1,32} (AND|OR)){1,4} GFDL[- v]1\.?3\+)"""
GFDL_13_invariants_only," ""licen[cs]e(id|[- ]identifier| name)?[: ](GFDL[- v]1\.?3-invariants-only|(.{1,32} (AND|OR)){1,4} GFDL[- v]1\.?3-invariants-only)"""
GFDL_13_invariants_or_later," ""licen[cs]e(id|[- ]identifier| name)?[: ](GFDL[- v]1\.?3-invariants.or.later|(.{1,32} (AND|OR)){1,4} GFDL[- v]1\.?3-invariants.or.later)"""
GFDL_13_no_invariants_only," ""licen[cs]e(id|[- ]identifier| name)?[: ](GFDL[- v]1\.?3-no-invariants-only|(.{1,32} (AND|OR)){1,4} GFDL[- v]1\.?3-no-invariants-only)"""
GFDL_13_no_invariants_or_later," ""licen[cs]e(id|[- ]identifier| name)?[: ](GFDL[- v]1\.?3-no-invariants.or.later|(.{1,32} (AND|OR)){1,4} GFDL[- v]1\.?3-no-invariants.or.later)"""
GL2PS," ""licen[cs]e(id|[- ]identifier| name)?[: ](GL2PS|(.{1,32} (AND|OR)){1,4} GL2PS)"""
Glulxe," ""licen[cs]e(id|[- ]identifier| name)?[: ](Glulxe|(.{1,32} (AND|OR)){1,4} Glulxe)"""
GLWTPL," ""licen[cs]e(id|[- ]identifier| name)?[: ](GLWTPL|(.{1,32} (AND|OR)){1,4} GLWTPL)"""
GPL_10," ""licen[cs]e(id|[- ]identifier)?[: \[\(]+(GPL[- ]1\.?0|(.{1,32} (AND|OR)){1,4} GPL[- ]1\.?0)"""
GPL_10plus," ""licen[cs]e(id|[- ]identifier)?[\[\""\(:[:space:]]+(GPL[- ]1\.?0\+|(.{1,32} (AND|OR)){1,4} GPL[- ]1\.?0\+)"""
GPL_20," ""licen[cs]e(id|[- ]identifier)?[: \[\(]+(GPL[- ]2\.?0|(.{1,32} (AND|OR)){1,4} GPL[- ]2\.?0)"""
GPL_20_or_later," ""licen[cs]e(id|[- ]identifier)?[: \[\(]+(GPL[- ]2\.?0-or-later|(.{1,32} (AND|OR)){1,4} GPL[- ]2\.?0-or-later)"""
GPL_30," ""licen[cs]e(id|[- ]identifier)?[: \[\(]+GPL[- ]3\.?0)"""
GPL_30plus," ""licen[cs]e(id|[- ]identifier)?[\[\""\(:[:space:]]+(GPL[- ]3\.?0\+|(.{1,32} (AND|OR)){1,4} GPL[- ]3\.?0\+)"""
LGPL_20," ""licen[cs]e(id|[- ]identifier| name)?[: ](LGPL[- ]2\.?0|(.{1,32} (AND|OR)){1,4} LGPL[- ]2\.?0)"""
LGPL_21," ""licen[cs]e(id|[- ]identifier| name)?[: ](LGPL[- ]2\.?1|(.{1,32} (AND|OR)){1,4} LGPL[- ]2\.?1)"""
LGPL_30," ""licen[cs]e(id|[- ]identifier| name)?[: ](LGPL[- ]3\.?0|(.{1,32} (AND|OR)){1,4} LGPL[- ]3\.?0)"""
LGPL_30plus," ""licen[cs]e(id|[- ]identifier)?[\[\""\(:[:space:]]+(LGPL[- ]3\.?0\+|(.{1,32} (AND|OR)){1,4} LGPL[- ]3\.?0\+)"""
gnuplot," ""licen[cs]e(id|[- ]identifier| name)?[: ](gnuplot|(.{1,32} (AND|OR)){1,4} gnuplot)"""
gSOAP_13b," ""licen[cs]e(id|[- ]identifier| name)?[: ](gSOAP[- ]1\.?3b|(.{1,32} (AND|OR)){1,4} gSOAP[- ]1\.?3b)"""
HaskellReport," ""licen[cs]e(id|[- ]identifier| name)?[: ](HaskellReport|(.{1,32} (AND|OR)){1,4} HaskellReport)"""
Hippocratic_21," ""licen[cs]e(id|[- ]identifier| name)?[: ](Hippocratic[- ]2\.?1|(.{1,32} (AND|OR)){1,4} Hippocratic[- ]2\.?1)"""
HPND," ""licen[cs]e(id|[- ]identifier| name)?[: ](HPND|(.{1,32} (AND|OR)){1,4} HPND)"""
HPND_sell_variant," ""licen[cs]e(id|[- ]identifier| name)?[: ](HPND-sell-variant|(.{1,32} (AND|OR)){1,4} HPND-sell-variant)"""
IBM_pibs," ""licen[cs]e(id|[- ]identifier| name)?[: ](IBM-pibs|(.{1,32} (AND|OR)){1,4} IBM-pibs)"""
IPL_10," ""licen[cs]e(id|[- ]identifier| name)?[: ](IPL[- ]1\.?0|(.{1,32} (AND|OR)){1,4} IPL[- ]1\.?0)"""
ICU," ""licen[cs]e(id|[- ]identifier| name)?[: ](\<ICU\>|(.{1,32} (AND|OR)){1,4} \<ICU\>)"""
ImageMagick," ""licen[cs]e(id|[- ]identifier| name)?[: ](ImageMagick|(.{1,32} (AND|OR)){1,4} ImageMagick)"""
iMatix," ""licen[cs]e(id|[- ]identifier| name)?[: ](iMatix|(.{1,32} (AND|OR)){1,4} iMatix)"""
Imlib2," ""licen[cs]e(id|[- ]identifier| name)?[: ](Imlib2|(.{1,32} (AND|OR)){1,4} Imlib2)"""
IJG," ""licen[cs]e(id|[- ]identifier| name)?[: ](\<IJG\>|(.{1,32} (AND|OR)){1,4} \<IJG\>)"""
Info_ZIP," ""licen[cs]e(id|[- ]identifier| name)?[: ](Info-ZIP|(.{1,32} (AND|OR)){1,4} Info-ZIP)"""
Intel_ACPI," ""licen[cs]e(id|[- ]identifier| name)?[: ](Intel-ACPI|(.{1,32} (AND|OR)){1,4} Intel-ACPI)"""
Intel," ""licen[cs]e(id|[- ]identifier| name)?[: ](Intel|(.{1,32} (AND|OR)){1,4} Intel)"""
Interbase_10," ""licen[cs]e(id|[- ]identifier| name)?[: ](Interbase[- ]1\.?0|(.{1,32} (AND|OR)){1,4} Interbase[- ]1\.?0)"""
IPA," ""licen[cs]e(id|[- ]identifier| name)?[: ](IPA|(.{1,32} (AND|OR)){1,4} IPA)"""
ISC," ""licen[cs]e(id|[- ]identifier| name)?[: ](\<ISC\>|(.{1,32} (AND|OR)){1,4} \<ISC\>)"""
JasPer_20," ""licen[cs]e(id|[- ]identifier| name)?[: ](JasPer[- ]2\.?0|(.{1,32} (AND|OR)){1,4} JasPer[- ]2\.?0)"""
JPNIC," ""licen[cs]e(id|[- ]identifier| name)?[: ](\<JPNIC\>|(.{1,32} (AND|OR)){1,4} \<JPNIC\>)"""
JSON," ""licen[cs]e(id|[- ]identifier| name)?[: ](\<JSON\>|(.{1,32} (AND|OR)){1,4} \<JSON\>)"""
LPPL_10," ""licen[cs]e(id|[- ]identifier| name)?[: ](LPPL[- ]1\.?0|(.{1,32} (AND|OR)){1,4} LPPL[- ]1\.?0)"""
LPPL_11," ""licen[cs]e(id|[- ]identifier| name)?[: ](LPPL[- ]1\.?1|(.{1,32} (AND|OR)){1,4} LPPL[- ]1\.?1)"""
LPPL_12," ""licen[cs]e(id|[- ]identifier| name)?[: ](LPPL[- ]1\.?2|(.{1,32} (AND|OR)){1,4} LPPL[- ]1\.?2)"""
LPPL_13a," ""licen[cs]e(id|[- ]identifier| name)?[: ](LPPL[- ]1\.?3a|(.{1,32} (AND|OR)){1,4} LPPL[- ]1\.?3a)"""
LPPL_13c," ""licen[cs]e(id|[- ]identifier| name)?[: ](LPPL[- ]1\.?3c|(.{1,32} (AND|OR)){1,4} LPPL[- ]1\.?3c)"""
Latex2e," ""licen[cs]e(id|[- ]identifier| name)?[: ](Latex2e|(.{1,32} (AND|OR)){1,4} Latex2e)"""
BSD_3_Clause_LBNL," ""licen[cs]e(id|[- ]identifier| name)?[: ](BSD-3-Clause-LBNL|(.{1,32} (AND|OR)){1,4} BSD-3-Clause-LBNL)"""
Leptonica," ""licen[cs]e(id|[- ]identifier| name)?[: ](Leptonica|(.{1,32} (AND|OR)){1,4} Leptonica)"""
LGPLLR," ""licen[cs]e(id|[- ]identifier| name)?[: ](LGPLLR|(.{1,32} (AND|OR)){1,4} LGPLLR)"""
Libpng," ""licen[cs]e(id|[- ]identifier| name)?[: ](Libpng|(.{1,32} (AND|OR)){1,4} Libpng)"""
libpng_20," ""licen[cs]e(id|[- ]identifier| name)?[: ](libpng[- ]2\.?0|(.{1,32} (AND|OR)){1,4} libpng[- ]2\.?0)"""
libselinux_10," ""licen[cs]e(id|[- ]identifier| name)?[: ](libselinux[- ]1\.?0|(.{1,32} (AND|OR)){1,4} libselinux[- ]1\.?0)"""
libtiff," ""licen[cs]e(id|[- ]identifier| name)?[: ](libtiff|(.{1,32} (AND|OR)){1,4} libtiff)"""
LAL_12," ""licen[cs]e(id|[- ]identifier| name)?[: ](LAL[- ]1\.?2|(.{1,32} (AND|OR)){1,4} LAL[- ]1\.?2)"""
LAL_13," ""licen[cs]e(id|[- ]identifier| name)?[: ](LAL[- ]1\.?3|(.{1,32} (AND|OR)){1,4} LAL[- ]1\.?3)"""
LiLiQ_P_11," ""licen[cs]e(id|[- ]identifier| name)?[: ](LiLiQ-P-1\.?1|(.{1,32} (AND|OR)){1,4} LiLiQ-P-1\.?1)"""
LiLiQ_Rplus_11," ""licen[cs]e(id|[- ]identifier| name)?[: ](LiLiQ-Rplus-1\.?1|(.{1,32} (AND|OR)){1,4} LiLiQ-Rplus-1\.?1)"""
LiLiQ_R_11," ""licen[cs]e(id|[- ]identifier| name)?[: ](LiLiQ-R-1\.?1|(.{1,32} (AND|OR)){1,4} LiLiQ-R-1\.?1)"""
LPL_102," ""licen[cs]e(id|[- ]identifier| name)?[: ](LPL-1\.?02|(.{1,32} (AND|OR)){1,4} LPL-1\.?02)"""
Linux_OpenIB," ""licen[cs]e(id|[- ]identifier| name)?[: ](Linux-OpenIB|(.{1,32} (AND|OR)){1,4} Linux-OpenIB)"""
LPL_10," ""licen[cs]e(id|[- ]identifier| name)?[: ](LPL[- ]1\.?0|(.{1,32} (AND|OR)){1,4} LPL[- ]1\.?0)"""
MakeIndex," ""licen[cs]e(id|[- ]identifier| name)?[: ](MakeIndex|(.{1,32} (AND|OR)){1,4} MakeIndex)"""
MIT," ""licen[cs]e(id|[- ]identifier| name)?[: ](\<MIT\>|(.{1,32} (AND|OR)){1,4} \<MIT\>)"""
MIT_0," ""licen[cs]e(id|[- ]identifier| name)?[: ](MIT-0|(.{1,32} (AND|OR)){1,4} MIT-0)"""
MIT_advertising," ""licen[cs]e(id|[- ]identifier| name)?[: ](MIT-advertising|(.{1,32} (AND|OR)){1,4} MIT-advertising)"""
MIT_enna," ""licen[cs]e(id|[- ]identifier| name)?[: ](MIT-enna|(.{1,32} (AND|OR)){1,4} MIT-enna)"""
MIT_feh," ""licen[cs]e(id|[- ]identifier| name)?[: ](MIT-feh|(.{1,32} (AND|OR)){1,4} MIT-feh)"""
MITNFA," ""licen[cs]e(id|[- ]identifier| name)?[: ](MITNFA|(.{1,32} (AND|OR)){1,4} MITNFA)"""
MirOS," ""licen[cs]e(id|[- ]identifier| name)?[: ](MirOS|(.{1,32} (AND|OR)){1,4} MirOS)"""
Motosoto," ""licen[cs]e(id|[- ]identifier| name)?[: ](Motosoto|(.{1,32} (AND|OR)){1,4} Motosoto)"""
mpich2," ""licen[cs]e(id|[- ]identifier| name)?[: ](mpich2|(.{1,32} (AND|OR)){1,4} mpich2)"""
MPL_10," ""licen[cs]e(id|[- ]identifier| name)?[: ](MPL-1\.?0|(.{1,32} (AND|OR)){1,4} MPL-1\.?0)"""
MPL_11," ""licen[cs]e(id|[- ]identifier| name)?[: ](MPL[- ]1\.?1|(.{1,32} (AND|OR)){1,4} MPL[- ]1\.?1)"""
MPL_20," ""licen[cs]e(id|[- ]identifier| name)?[: ](MPL[- ]2\.?0|(.{1,32} (AND|OR)){1,4} MPL[- ]2\.?0)"""
MPL_20_no_copyleft_exception," ""licen[cs]e(id|[- ]identifier| name)?[: ](MPL-2\.?0-no-copyleft-exception|(.{1,32} (AND|OR)){1,4} MPL-2\.?0-no-copyleft-exception)"""
MS_PL," ""licen[cs]e(id|[- ]identifier| name)?[: ](MS-PL|(.{1,32} (AND|OR)){1,4} MS-PL)"""
MS_RL," ""licen[cs]e(id|[- ]identifier| name)?[: ](MS-RL|(.{1,32} (AND|OR)){1,4} MS-RL)"""
MTLL," ""licen[cs]e(id|[- ]identifier| name)?[: ](MTLL|(.{1,32} (AND|OR)){1,4} MTLL)"""
MulanPSL_10," ""licen[cs]e(id|[- ]identifier| name)?[: ](MulanPSL[- ]1\.?0|(.{1,32} (AND|OR)){1,4} MulanPSL[- ]1\.?0)"""
MulanPSL_20," ""licen[cs]e(id|[- ]identifier| name)?[: ](MulanPSL[- ]2\.?0|(.{1,32} (AND|OR)){1,4} MulanPSL[- ]2\.?0)"""
Multics," ""licen[cs]e(id|[- ]identifier| name)?[: ](Multics|(.{1,32} (AND|OR)){1,4} Multics)"""
Mup," ""licen[cs]e(id|[- ]identifier| name)?[: ](\<Mup\>|(.{1,32} (AND|OR)){1,4} \<Mup\>)"""
NASA_13," ""licen[cs]e(id|[- ]identifier| name)?[: ](NASA[- ]1\.?3|(.{1,32} (AND|OR)){1,4} NASA[- ]1\.?3)"""
Naumen," ""licen[cs]e(id|[- ]identifier| name)?[: ](Naumen|(.{1,32} (AND|OR)){1,4} Naumen)"""
NBPL_10," ""licen[cs]e(id|[- ]identifier| name)?[: ](NBPL[- ]1\.?0|(.{1,32} (AND|OR)){1,4} NBPL[- ]1\.?0)"""
NCGL_UK_20," ""licen[cs]e(id|[- ]identifier| name)?[: ](NCGL-UK[- ]2\.?0|(.{1,32} (AND|OR)){1,4} NCGL-UK[- ]2\.?0)"""
NCSA," ""licen[cs]e(id|[- ]identifier| name)?[: ](NCSA|(.{1,32} (AND|OR)){1,4} NCSA)"""
Net_SNMP," ""licen[cs]e(id|[- ]identifier| name)?[: ](Net-SNMP|(.{1,32} (AND|OR)){1,4} Net-SNMP)"""
NetCDF," ""licen[cs]e(id|[- ]identifier| name)?[: ](NetCDF|(.{1,32} (AND|OR)){1,4} NetCDF)"""
Newsletr," ""licen[cs]e(id|[- ]identifier| name)?[: ](Newsletr|(.{1,32} (AND|OR)){1,4} Newsletr)"""
NGPL," ""licen[cs]e(id|[- ]identifier| name)?[: ](NGPL|(.{1,32} (AND|OR)){1,4} NGPL)"""
NIST_PD," ""licen[cs]e(id|[- ]identifier| name)?[: ](NIST-PD|(.{1,32} (AND|OR)){1,4} NIST-PD)"""
NIST_PD_fallback," ""licen[cs]e(id|[- ]identifier| name)?[: ](NIST-PD-fallback|(.{1,32} (AND|OR)){1,4} NIST-PD-fallback)"""
NLOD_10," ""licen[cs]e(id|[- ]identifier| name)?[: ](NLOD[- ]1\.?0|(.{1,32} (AND|OR)){1,4} NLOD[- ]1\.?0)"""
NLPL," ""licen[cs]e(id|[- ]identifier| name)?[: ](NLPL|(.{1,32} (AND|OR)){1,4} NLPL)"""
Nokia," ""licen[cs]e(id|[- ]identifier| name)?[: ](Nokia|(.{1,32} (AND|OR)){1,4} Nokia)"""
NOSL," ""licen[cs]e(id|[- ]identifier| name)?[: ](NOSL|(.{1,32} (AND|OR)){1,4} NOSL)"""
Noweb," ""licen[cs]e(id|[- ]identifier| name)?[: ](Noweb|(.{1,32} (AND|OR)){1,4} Noweb)"""
NPL_10," ""licen[cs]e(id|[- ]identifier| name)?[: ](NPL[- ]1\.?0|(.{1,32} (AND|OR)){1,4} NPL[- ]1\.?0)"""
NPL_11," ""licen[cs]e(id|[- ]identifier| name)?[: ](NPL[- ]1\.?1|(.{1,32} (AND|OR)){1,4} NPL[- ]1\.?1)"""
NPOSL_30," ""licen[cs]e(id|[- ]identifier| name)?[: ](NPOSL[- ]3\.?0|(.{1,32} (AND|OR)){1,4} NPOSL[- ]3\.?0)"""
NRL," ""licen[cs]e(id|[- ]identifier| name)?[: ](NRL|(.{1,32} (AND|OR)){1,4} NRL)"""
NTP_0," ""licen[cs]e(id|[- ]identifier| name)?[: ](\<NTP-0\>|(.{1,32} (AND|OR)){1,4} \<NTP-0\>)"""
NTP," ""licen[cs]e(id|[- ]identifier| name)?[: ](\<NTP\>|(.{1,32} (AND|OR)){1,4} \<NTP\>)"""
Nunit," ""licen[cs]e(id|[- ]identifier| name)?[: ](Nunit|(.{1,32} (AND|OR)){1,4} Nunit)"""
O_UDA_10," ""licen[cs]e(id|[- ]identifier| name)?[: ](O-UDA[- ]1\.?0|(.{1,32} (AND|OR)){1,4} O-UDA[- ]1\.?0)"""
OCLC_20," ""licen[cs]e(id|[- ]identifier| name)?[: ](OCLC[- ]2\.?0|(.{1,32} (AND|OR)){1,4} OCLC[- ]2\.?0)"""
ODbL_10," ""licen[cs]e(id|[- ]identifier| name)?[: ](ODbL[- ]1\.?0|(.{1,32} (AND|OR)){1,4} ODbL[- ]1\.?0)"""
OCCT_PL," ""licen[cs]e(id|[- ]identifier| name)?[: ](OCCT-PL|(.{1,32} (AND|OR)){1,4} OCCT-PL)"""
ODC_By_10," ""licen[cs]e(id|[- ]identifier| name)?[: ](ODC-By-1\.?0|(.{1,32} (AND|OR)){1,4} ODC-By-1\.?0)"""
OFL_10_no_RFN," ""licen[cs]e(id|[- ]identifier| name)?[: ](OFL-1\.?0-no-RFN|(.{1,32} (AND|OR)){1,4} OFL-1\.?0-no-RFN)"""
OFL_10_RFN," ""licen[cs]e(id|[- ]identifier| name)?[: ](OFL-1\.?0-RFN|(.{1,32} (AND|OR)){1,4} OFL-1\.?0-RFN)"""
OFL_10," ""licen[cs]e(id|[- ]identifier| name)?[: ](OFL[- ]1\.?0|(.{1,32} (AND|OR)){1,4} OFL[- ]1\.?0)"""
OFL_11_no_RFN," ""licen[cs]e(id|[- ]identifier| name)?[: ](OFL-1\.?1-no-RFN|(.{1,32} (AND|OR)){1,4} OFL-1\.?1-no-RFN)"""
OFL_11_RFN," ""licen[cs]e(id|[- ]identifier| name)?[: ](OFL-1\.?1-RFN|(.{1,32} (AND|OR)){1,4} OFL-1\.?1-RFN)"""
OFL_11," ""licen[cs]e(id|[- ]identifier| name)?[: ](OFL[- ]1\.?1|(.{1,32} (AND|OR)){1,4} OFL[- ]1\.?1)"""
OGC_10," ""licen[cs]e(id|[- ]identifier| name)?[: ](OGC[ -]1\.?0|(.{1,32} (AND|OR)){1,4} OGC[ -]1\.?0)"""
OGL_Canada_20," ""licen[cs]e(id|[- ]identifier| name)?[: ](OGL-Canada-2\.?0|(.{1,32} (AND|OR)){1,4} OGL-Canada-2\.?0)"""
OGL_UK_10," ""licen[cs]e(id|[- ]identifier| name)?[: ](OGL-UK-1\.?0|(.{1,32} (AND|OR)){1,4} OGL-UK-1\.?0)"""
OGL_UK_20," ""licen[cs]e(id|[- ]identifier| name)?[: ](OGL-UK-2\.?0|(.{1,32} (AND|OR)){1,4} OGL-UK-2\.?0)"""
OGL_UK_30," ""licen[cs]e(id|[- ]identifier| name)?[: ](OGL-UK-3\.?0|(.{1,32} (AND|OR)){1,4} OGL-UK-3\.?0)"""
OGTSL," ""licen[cs]e(id|[- ]identifier| name)?[: ](OGTSL|(.{1,32} (AND|OR)){1,4} OGTSL)"""
OLDAP_222," ""licen[cs]e(id|[- ]identifier| name)?[: ](OLDAP[- ]2\.?2\.?2|(.{1,32} (AND|OR)){1,4} OLDAP[- ]2\.?2\.?2)"""
OLDAP_11," ""licen[cs]e(id|[- ]identifier| name)?[: ](OLDAP[- ]1\.?1|(.{1,32} (AND|OR)){1,4} OLDAP[- ]1\.?1)"""
OLDAP_12," ""licen[cs]e(id|[- ]identifier| name)?[: ](OLDAP[- ]1\.?2|(.{1,32} (AND|OR)){1,4} OLDAP[- ]1\.?2)"""
OLDAP_13," ""licen[cs]e(id|[- ]identifier| name)?[: ](OLDAP[- ]1\.?3|(.{1,32} (AND|OR)){1,4} OLDAP[- ]1\.?3)"""
OLDAP_14," ""licen[cs]e(id|[- ]identifier| name)?[: ](OLDAP[- ]1\.?4|(.{1,32} (AND|OR)){1,4} OLDAP[- ]1\.?4)"""
OLDAP_20," ""licen[cs]e(id|[- ]identifier| name)?[: ](OLDAP[- ]2\.?0|(.{1,32} (AND|OR)){1,4} OLDAP[- ]2\.?0)"""
OLDAP_201," ""licen[cs]e(id|[- ]identifier| name)?[: ](OLDAP[- ]2\.?0\.?1|(.{1,32} (AND|OR)){1,4} OLDAP[- ]2\.?0\.?1)"""
OLDAP_21," ""licen[cs]e(id|[- ]identifier| name)?[: ](OLDAP[- ]2\.?1|(.{1,32} (AND|OR)){1,4} OLDAP[- ]2\.?1)"""
OLDAP_22," ""licen[cs]e(id|[- ]identifier| name)?[: ](OLDAP[- ]2\.?2|(.{1,32} (AND|OR)){1,4} OLDAP[- ]2\.?2)"""
OLDAP_221," ""licen[cs]e(id|[- ]identifier| name)?[: ](OLDAP[- ]2\.?2\.?1|(.{1,32} (AND|OR)){1,4} OLDAP[- ]2\.?2\.?1)"""
OLDAP_23," ""licen[cs]e(id|[- ]identifier| name)?[: ](OLDAP[- ]2\.?3|(.{1,32} (AND|OR)){1,4} OLDAP[- ]2\.?3)"""
OLDAP_24," ""licen[cs]e(id|[- ]identifier| name)?[: ](OLDAP[- ]2\.?4|(.{1,32} (AND|OR)){1,4} OLDAP[- ]2\.?4)"""
OLDAP_25," ""licen[cs]e(id|[- ]identifier| name)?[: ](OLDAP[- ]2\.?5|(.{1,32} (AND|OR)){1,4} OLDAP[- ]2\.?5)"""
OLDAP_26," ""licen[cs]e(id|[- ]identifier| name)?[: ](OLDAP-2\.?6|(.{1,32} (AND|OR)){1,4} OLDAP-2\.?6)"""
OLDAP_27," ""licen[cs]e(id|[- ]identifier| name)?[: ](OLDAP[- ]2\.?7|(.{1,32} (AND|OR)){1,4} OLDAP[- ]2\.?7)"""
OLDAP_28," ""licen[cs]e(id|[- ]identifier| name)?[: ](OLDAP[- ]2\.?8|(.{1,32} (AND|OR)){1,4} OLDAP[- ]2\.?8)"""
OML," ""licen[cs]e(id|[- ]identifier| name)?[: ](OML|(.{1,32} (AND|OR)){1,4} OML)"""
OpenSSL," ""licen[cs]e(id|[- ]identifier| name)?[: ](OpenSSL|(.{1,32} (AND|OR)){1,4} OpenSSL)"""
OPL_10," ""licen[cs]e(id|[- ]identifier| name)?[: ](OPL[- ]1\.?0|(.{1,32} (AND|OR)){1,4} OPL[- ]1\.?0)"""
OSL_10," ""licen[cs]e(id|[- ]identifier| name)?[: ](OSL[- ]1\.?0|(.{1,32} (AND|OR)){1,4} OSL[- ]1\.?0)"""
OSL_11," ""licen[cs]e(id|[- ]identifier| name)?[: ](OSL[- ]1\.?1|(.{1,32} (AND|OR)){1,4} OSL[- ]1\.?1)"""
OSL_20," ""licen[cs]e(id|[- ]identifier| name)?[: ](OSL[- ]2\.?0|(.{1,32} (AND|OR)){1,4} OSL[- ]2\.?0)"""
OSL_21," ""licen[cs]e(id|[- ]identifier| name)?[: ](OSL[- ]2\.?1|(.{1,32} (AND|OR)){1,4} OSL[- ]2\.?1)"""
OSET_PL_21," ""licen[cs]e(id|[- ]identifier| name)?[: ](OSET-PL-2\.?1|(.{1,32} (AND|OR)){1,4} OSET-PL-2\.?1)"""
Parity_600," ""licen[cs]e(id|[- ]identifier| name)?[: ](Parity[- ]6\.?0\.?0|(.{1,32} (AND|OR)){1,4} Parity[- ]6\.?0\.?0)"""
Parity_700," ""licen[cs]e(id|[- ]identifier| name)?[: ](Parity[- ]7\.?0\.?0|(.{1,32} (AND|OR)){1,4} Parity[- ]7\.?0\.?0)"""
PDDL_10," ""licen[cs]e(id|[- ]identifier| name)?[: ](PDDL[- ]1\.?0|(.{1,32} (AND|OR)){1,4} PDDL[- ]1\.?0)"""
PHP_30," ""licen[cs]e(id|[- ]identifier| name)?[: ](PHP(-| (license )?)3\.?0|(.{1,32} (AND|OR)){1,4} PHP(-| (license )?)3\.?0)"""
PHP_301," ""licen[cs]e(id|[- ]identifier| name)?[: ](PHP[- ]3\.?01|(.{1,32} (AND|OR)){1,4} PHP[- ]3\.?01)"""
Plexus," ""licen[cs]e(id|[- ]identifier| name)?[: ](Plexus|(.{1,32} (AND|OR)){1,4} Plexus)"""
PolyForm_Noncommercial_100," ""licen[cs]e(id|[- ]identifier| name)?[: ](PolyForm-Noncommercial[- ]1\.?0\.?0|(.{1,32} (AND|OR)){1,4} PolyForm-Noncommercial[- ]1\.?0\.?0)"""
PolyForm_Small_Business_100," ""licen[cs]e(id|[- ]identifier| name)?[: ](PolyForm-Small-Business[- ]1\.?0\.?0|(.{1,32} (AND|OR)){1,4} PolyForm-Small-Business[- ]1\.?0\.?0)"""
PostgreSQL," ""licen[cs]e(id|[- ]identifier| name)?[: ](PostgreSQL|(.{1,32} (AND|OR)){1,4} PostgreSQL)"""
PSF_20," ""licen[cs]e(id|[- ]identifier| name)?[: ](PSF[- ]2\.?0|(.{1,32} (AND|OR)){1,4} PSF[- ]2\.?0)"""
psfrag," ""licen[cs]e(id|[- ]identifier| name)?[: ](psfrag|(.{1,32} (AND|OR)){1,4} psfrag)"""
psutils," ""licen[cs]e(id|[- ]identifier| name)?[: ](psutils|(.{1,32} (AND|OR)){1,4} psutils)"""
Python_20," ""licen[cs]e(id|[- ]identifier| name)?[: ](Python[- ]2\.?0|(.{1,32} (AND|OR)){1,4} Python[- ]2\.?0)"""
Qhull," ""licen[cs]e(id|[- ]identifier| name)?[: ](Qhull|(.{1,32} (AND|OR)){1,4} Qhull)"""
QPL_10," ""licen[cs]e(id|[- ]identifier| name)?[: ](QPL[- ]1\.?0|(.{1,32} (AND|OR)){1,4} QPL[- ]1\.?0)"""
Rdisc," ""licen[cs]e(id|[- ]identifier| name)?[: ](\<Rdisc\>|(.{1,32} (AND|OR)){1,4} \<Rdisc\>)"""
RHeCos_11," ""licen[cs]e(id|[- ]identifier| name)?[: ](RHeCos[- ]1\.?1|(.{1,32} (AND|OR)){1,4} RHeCos[- ]1\.?1)"""
RPSL_10," ""licen[cs]e(id|[- ]identifier| name)?[: ](RPSL[- ]1\.?0|(.{1,32} (AND|OR)){1,4} RPSL[- ]1\.?0)"""
RPL_11," ""licen[cs]e(id|[- ]identifier| name)?[: ](RPL[- ]1\.?1|(.{1,32} (AND|OR)){1,4} RPL[- ]1\.?1)"""
RPL_15," ""licen[cs]e(id|[- ]identifier| name)?[: ](RPL[- ]1\.?5|(.{1,32} (AND|OR)){1,4} RPL[- ]1\.?5)"""
RSA_MD," ""licen[cs]e(id|[- ]identifier| name)?[: ](RSA-MD|(.{1,32} (AND|OR)){1,4} RSA-MD)"""
RSCPL," ""licen[cs]e(id|[- ]identifier| name)?[: ](RSCPL|(.{1,32} (AND|OR)){1,4} RSCPL)"""
Ruby," ""licen[cs]e(id|[- ]identifier| name)?[: ](\<Ruby\>|(.{1,32} (AND|OR)){1,4} \<Ruby\>)"""
SAX_PD," ""licen[cs]e(id|[- ]identifier| name)?[: ](SAX-PD|(.{1,32} (AND|OR)){1,4} SAX-PD)"""
Saxpath," ""licen[cs]e(id|[- ]identifier| name)?[: ](Saxpath|(.{1,32} (AND|OR)){1,4} Saxpath)"""
SCEA," ""licen[cs]e(id|[- ]identifier| name)?[: ](SCEA|(.{1,32} (AND|OR)){1,4} SCEA)"""
Sendmail," ""licen[cs]e(id|[- ]identifier| name)?[: ](Sendmail|(.{1,32} (AND|OR)){1,4} Sendmail)"""
Sendmail_823," ""licen[cs]e(id|[- ]identifier| name)?[: ](Sendmail-8\.?23|(.{1,32} (AND|OR)){1,4} Sendmail-8\.?23)"""
SHL_051," ""licen[cs]e(id|[- ]identifier| name)?[: ](\<SHL-0\.?51|(.{1,32} (AND|OR)){1,4} \<SHL-0\.?51)"""
SHL_05," ""licen[cs]e(id|[- ]identifier| name)?[: ](\<SHL-0\.?5|(.{1,32} (AND|OR)){1,4} \<SHL-0\.?5)"""
SGI_B_10," ""licen[cs]e(id|[- ]identifier| name)?[: ](SGI-B-1\.?0|(.{1,32} (AND|OR)){1,4} SGI-B-1\.?0)"""
SGI_B_11," ""licen[cs]e(id|[- ]identifier| name)?[: ](SGI-B-1\.?1|(.{1,32} (AND|OR)){1,4} SGI-B-1\.?1)"""
SGI_B_20," ""licen[cs]e(id|[- ]identifier| name)?[: ](SGI-B-2\.?0|(.{1,32} (AND|OR)){1,4} SGI-B-2\.?0)"""
SimPL_20," ""licen[cs]e(id|[- ]identifier| name)?[: ](SimPL[- ]2\.?0|(.{1,32} (AND|OR)){1,4} SimPL[- ]2\.?0)"""
Sleepycat," ""licen[cs]e(id|[- ]identifier| name)?[: ](Sleepycat|(.{1,32} (AND|OR)){1,4} Sleepycat)"""
SMPPL," ""licen[cs]e(id|[- ]identifier| name)?[: ](SMPPL|(.{1,32} (AND|OR)){1,4} SMPPL)"""
SNIA," ""licen[cs]e(id|[- ]identifier| name)?[: ](SNIA|(.{1,32} (AND|OR)){1,4} SNIA)"""
Spencer_86," ""licen[cs]e(id|[- ]identifier| name)?[: ](Spencer-86|(.{1,32} (AND|OR)){1,4} Spencer-86)"""
Spencer_94," ""licen[cs]e(id|[- ]identifier| name)?[: ](Spencer-94|(.{1,32} (AND|OR)){1,4} Spencer-94)"""
Spencer_99," ""licen[cs]e(id|[- ]identifier| name)?[: ](Spencer-99|(.{1,32} (AND|OR)){1,4} Spencer-99)"""
SMLNJ," ""licen[cs]e(id|[- ]identifier| name)?[: ](SMLNJ|(.{1,32} (AND|OR)){1,4} SMLNJ)"""
SugarCRM_113," ""licen[cs]e(id|[- ]identifier| name)?[: ](SugarCRM[- ]1\.?1\.?3|(.{1,32} (AND|OR)){1,4} SugarCRM[- ]1\.?1\.?3)"""
SISSL," ""licen[cs]e(id|[- ]identifier| name)?[: ](SISSL|(.{1,32} (AND|OR)){1,4} SISSL)"""
SISSL_12," ""licen[cs]e(id|[- ]identifier| name)?[: ](SISSL[- ]1\.?2|(.{1,32} (AND|OR)){1,4} SISSL[- ]1\.?2)"""
SPL_10," ""licen[cs]e(id|[- ]identifier| name)?[: ](SPL[- ]1\.?0|(.{1,32} (AND|OR)){1,4} SPL[- ]1\.?0)"""
SSH_OpenSSH," ""licen[cs]e(id|[- ]identifier| name)?[: ](SSH-OpenSSH|(.{1,32} (AND|OR)){1,4} SSH-OpenSSH)"""
SSH_short," ""licen[cs]e(id|[- ]identifier| name)?[: ](SSH-short|(.{1,32} (AND|OR)){1,4} SSH-short)"""
SSPL_10," ""licen[cs]e(id|[- ]identifier| name)?[: ](SSPL[- ]1\.?0|(.{1,32} (AND|OR)){1,4} SSPL[- ]1\.?0)"""
SWL," ""licen[cs]e(id|[- ]identifier| name)?[: ](SWL|(.{1,32} (AND|OR)){1,4} SWL)"""
TAPR_OHL_10," ""licen[cs]e(id|[- ]identifier| name)?[: ](TAPR-OHL[- ]1\.?0|(.{1,32} (AND|OR)){1,4} TAPR-OHL[- ]1\.?0)"""
TCL," ""licen[cs]e(id|[- ]identifier| name)?[: ](TCL|(.{1,32} (AND|OR)){1,4} TCL)"""
TCP_wrappers," ""licen[cs]e(id|[- ]identifier| name)?[: ](TCP-wrappers|(.{1,32} (AND|OR)){1,4} TCP-wrappers)"""
TMate," ""licen[cs]e(id|[- ]identifier| name)?[: ](TMate|(.{1,32} (AND|OR)){1,4} TMate)"""
TORQUE_11," ""licen[cs]e(id|[- ]identifier| name)?[: ](TORQUE[- ]1\.?1|(.{1,32} (AND|OR)){1,4} TORQUE[- ]1\.?1)"""
TOSL," ""licen[cs]e(id|[- ]identifier| name)?[: ](TOSL|(.{1,32} (AND|OR)){1,4} TOSL)"""
TU_Berlin_10," ""licen[cs]e(id|[- ]identifier| name)?[: ](TU-Berlin-1\.?0|(.{1,32} (AND|OR)){1,4} TU-Berlin-1\.?0)"""
TU_Berlin_20," ""licen[cs]e(id|[- ]identifier| name)?[: ](TU-Berlin-2\.?0|(.{1,32} (AND|OR)){1,4} TU-Berlin-2\.?0)"""
UCL_10," ""licen[cs]e(id|[- ]identifier| name)?[: ](UCL[- ]1\.?0|(.{1,32} (AND|OR)){1,4} UCL[- ]1\.?0)"""
Unicode_DFS_2015," ""licen[cs]e(id|[- ]identifier| name)?[: ](Unicode-DFS-2015|(.{1,32} (AND|OR)){1,4} Unicode-DFS-2015)"""
Unicode_DFS_2016," ""licen[cs]e(id|[- ]identifier| name)?[: ](Unicode-DFS-2016|(.{1,32} (AND|OR)){1,4} Unicode-DFS-2016)"""
Unicode_TOU," ""licen[cs]e(id|[- ]identifier| name)?[: ](Unicode-TOU|(.{1,32} (AND|OR)){1,4} Unicode-TOU)"""
Unlicense," ""licen[cs]e(id|[- ]identifier| name)?[: ](Unlicense|(.{1,32} (AND|OR)){1,4} Unlicense)"""
UPL_10," ""licen[cs]e(id|[- ]identifier| name)?[: ](UPL[- ]1\.?0|(.{1,32} (AND|OR)){1,4} UPL[- ]1\.?0)"""
Vim," ""licen[cs]e(id|[- ]identifier| name)?[: ](Vim|(.{1,32} (AND|OR)){1,4} Vim)"""
VOSTROM," ""licen[cs]e(id|[- ]identifier| name)?[: ](VOSTROM|(.{1,32} (AND|OR)){1,4} VOSTROM)"""
VSL_10," ""licen[cs]e(id|[- ]identifier| name)?[: ](VSL[- ]1\.?0|(.{1,32} (AND|OR)){1,4} VSL[- ]1\.?0)"""
W3C_20150513," ""licen[cs]e(id|[- ]identifier| name)?[: ](W3C-20150513|(.{1,32} (AND|OR)){1,4} W3C-20150513)"""
W3C_19980720," ""licen[cs]e(id|[- ]identifier| name)?[: ](W3C-19980720|(.{1,32} (AND|OR)){1,4} W3C-19980720)"""
W3C," ""licen[cs]e(id|[- ]identifier| name)?[: ](W3C|(.{1,32} (AND|OR)){1,4} W3C)"""
Watcom_10," ""licen[cs]e(id|[- ]identifier| name)?[: ](Watcom[- ]1\.?0|(.{1,32} (AND|OR)){1,4} Watcom[- ]1\.?0)"""
Wsuipa," ""licen[cs]e(id|[- ]identifier| name)?[: ](Wsuipa|(.{1,32} (AND|OR)){1,4} Wsuipa)"""
WTFPL," ""licen[cs]e(id|[- ]identifier| name)?[: ](WTFPL|(.{1,32} (AND|OR)){1,4} WTFPL)"""
Xnet," ""licen[cs]e(id|[- ]identifier| name)?[: ](Xnet|(.{1,32} (AND|OR)){1,4} Xnet)"""
X11," ""licen[cs]e(id|[- ]identifier| name)?[: ](X11|(.{1,32} (AND|OR)){1,4} X11)"""
Xerox," ""licen[cs]e(id|[- ]identifier| name)?[: ](Xerox|(.{1,32} (AND|OR)){1,4} Xerox)"""
XFree86_11," ""licen[cs]e(id|[- ]identifier| name)?[: ](XFree86[- ]1\.?1|(.{1,32} (AND|OR)){1,4} XFree86[- ]1\.?1)"""
xinetd," ""licen[cs]e(id|[- ]identifier| name)?[: ](xinetd|(.{1,32} (AND|OR)){1,4} xinetd)"""
xpp," ""licen[cs]e(id|[- ]identifier| name)?[: ](xpp|(.{1,32} (AND|OR)){1,4} xpp)"""
XSkat," ""licen[cs]e(id|[- ]identifier| name)?[: ](XSkat|(.{1,32} (AND|OR)){1,4} XSkat)"""
YPL_10," ""licen[cs]e(id|[- ]identifier| name)?[: ](YPL[- ]1\.?0|(.{1,32} (AND|OR)){1,4} YPL[- ]1\.?0)"""
YPL_11," ""licen[cs]e(id|[- ]identifier| name)?[: ](YPL[- ]1\.?1|(.{1,32} (AND|OR)){1,4} YPL[- ]1\.?1)"""
Zed," ""licen[cs]e(id|[- ]identifier| name)?[: ](\<Zed\>|(.{1,32} (AND|OR)){1,4} \<Zed\>)"""
Zend_20," ""licen[cs]e(id|[- ]identifier| name)?[: ](Zend[- ]2\.?0|(.{1,32} (AND|OR)){1,4} Zend[- ]2\.?0)"""
Zimbra_13," ""licen[cs]e(id|[- ]identifier| name)?[: ](Zimbra[- ]1\.?3|(.{1,32} (AND|OR)){1,4} Zimbra[- ]1\.?3)"""
Zimbra_14," ""licen[cs]e(id|[- ]identifier| name)?[: ](Zimbra[- ]1\.?4|(.{1,32} (AND|OR)){1,4} Zimbra[- ]1\.?4)"""
Zlib," ""licen[cs]e(id|[- ]identifier| name)?[: ](Zlib|(.{1,32} (AND|OR)){1,4} Zlib)"""
zlib_acknowledgement," ""licen[cs]e(id|[- ]identifier| name)?[: ](zlib-acknowledgement|(.{1,32} (AND|OR)){1,4} zlib-acknowledgement)"""
ZPL_11," ""licen[cs]e(id|[- ]identifier| name)?[: ](ZPL[- ]1\.?1|(.{1,32} (AND|OR)){1,4} ZPL[- ]1\.?1)"""
ZPL_20," ""licen[cs]e(id|[- ]identifier| name)?[: ](ZPL[- ]2\.?0|(.{1,32} (AND|OR)){1,4} ZPL[- ]2\.?0)"""
ZPL_21," ""licen[cs]e(id|[- ]identifier| name)?[: ](ZPL[- ]2\.?1|(.{1,32} (AND|OR)){1,4} ZPL[- ]2\.?1)"""
389_exception," ""licen[cs]e(id|[- ]identifier| name)?[: ] =SOME= 389-exception"""
Autoconf_exception_20," ""licen[cs]e(id|[- ]identifier| name)?[: ] =SOME= Autoconf-exception-2\.?0"""
Autoconf_exception_30," ""licen[cs]e(id|[- ]identifier| name)?[: ] =SOME= Autoconf-exception-3\.?0"""
Bison_exception_22," ""licen[cs]e(id|[- ]identifier| name)?[: ] =SOME= Bison-exception-2\.?2"""
Bootloader_exception," ""licen[cs]e(id|[- ]identifier| name)?[: ] =SOME= Bootloader-exception"""
Classpath_exception_20," ""licen[cs]e(id|[- ]identifier| name)?[: ] =SOME= Classpath-exception-2\.?0"""
CLISP_exception_20," ""licen[cs]e(id|[- ]identifier| name)?[: ] =SOME= CLISP-exception-2\.?0"""
DigiRule_FOSS_exception," ""licen[cs]e(id|[- ]identifier| name)?[: ] =SOME= DigiRule-FOSS-exception"""
eCos_exception_20," ""licen[cs]e(id|[- ]identifier| name)?[: ] =SOME= eCos-exception-2\.?0"""
Fawkes_Runtime_exception," ""licen[cs]e(id|[- ]identifier| name)?[: ] =SOME= Fawkes-Runtime-exception"""
FLTK_exception," ""licen[cs]e(id|[- ]identifier| name)?[: ] =SOME= FLTK-exception"""
Font_exception_20," ""licen[cs]e(id|[- ]identifier| name)?[: ] =SOME= Font-exception-2\.?0"""
freertos_exception_20," ""licen[cs]e(id|[- ]identifier| name)?[: ] =SOME= freertos-exception-2\.?0"""
GCC_exception_20," ""licen[cs]e(id|[- ]identifier| name)?[: ] =SOME= GCC-exception-2\.?0"""
GCC_exception_31," ""licen[cs]e(id|[- ]identifier| name)?[: ] =SOME= GCC-exception-3\.?1"""
gnu_javamail_exception," ""licen[cs]e(id|[- ]identifier| name)?[: ] =SOME= gnu-javamail-exception"""
i2p_gpl_java_exception," ""licen[cs]e(id|[- ]identifier| name)?[: ] =SOME= i2p-gpl-java-exception"""
Libtool_exception," ""licen[cs]e(id|[- ]identifier| name)?[: ] =SOME= Libtool-exception"""
Linux_syscall_note," ""licen[cs]e(id|[- ]identifier| name)?[: ] =SOME= Linux-syscall-note"""
LLVM_exception," ""licen[cs]e(id|[- ]identifier| name)?[: ] =SOME= LLVM-exception"""
LZMA_exception," ""licen[cs]e(id|[- ]identifier| name)?[: ] =SOME= LZMA-exception"""
mif_exception," ""licen[cs]e(id|[- ]identifier| name)?[: ] =SOME= mif-exception"""
OpenJDK_assembly_exception_10," ""licen[cs]e(id|[- ]identifier| name)?[: ] =SOME= OpenJDK-assembly-exception-1\.?0"""
Nokia_Qt_exception_11," ""licen[cs]e(id|[- ]identifier| name)?[: ] =SOME= Nokia-Qt-exception-1\.?1"""
OCCT_exception_10," ""licen[cs]e(id|[- ]identifier| name)?[: ] =SOME= OCCT-exception-1\.?0"""
openvpn_openssl_exception," ""licen[cs]e(id|[- ]identifier| name)?[: ] =SOME= openvpn-openssl-exception"""
Qwt_exception_10," ""licen[cs]e(id|[- ]identifier| name)?[: ] =SOME= Qwt-exception-1\.?0"""
u_boot_exception_20," ""licen[cs]e(id|[- ]identifier| name)?[: ] =SOME= u-boot-exception-2\.?0"""
WxWindows_exception_31," ""licen[cs]e(id|[- ]identifier| name)?[: ] =SOME= WxWindows-exception-3\.?1"" ##### # SPDX END ##### "
